name,price,url
Подвесной светильник Сансет Black,6290,/rostov-na-donu/product/podvesnoj-svetilnik-sanset-black
Торшер Билли Black,14 690,/rostov-na-donu/product/torsher-billi-black
Подвесной светильник Бабл-9,16 790,/rostov-na-donu/product/podvesnoj-svetilnik-babl-9
Торшер Бабл-1,6290,/rostov-na-donu/product/torsher-babl-1
Подвесной светильник Бабл-3,5240,/rostov-na-donu/product/podvesnoj-svetilnik-babl-3
Бра Бабл Black,1670,/rostov-na-donu/product/bra-babl-black
Настольная лампа Дэнди Black,3140,/rostov-na-donu/product/nastolnaya-lampa-dendi-black
Настольная лампа Дэнди White,3140,/rostov-na-donu/product/nastolnaya-lampa-dendi-white
Торшер Варио White,4200,/rostov-na-donu/product/torsher-vario-white
Бра Варио Black,1040,/rostov-na-donu/product/bra-vario-black
Бра Варио White,1040,/rostov-na-donu/product/bra-vario-white
Подвесной светильник Сансет White,3140,/rostov-na-donu/product/podvesnoj-svetilnik-sanset-white
Подвесной светильник Кэндел Black,2090,/rostov-na-donu/product/podvesnoj-svetilnik-kendel-black
Подвесной светильник Кэндел White,3770,/rostov-na-donu/product/podvesnoj-svetilnik-kendel-white
Настольная лампа Гровер Glass,5240,/rostov-na-donu/product/nastolnaya-lampa-grover-glass
Настольная лампа Спайк Green,1040,/rostov-na-donu/product/nastolnaya-lampa-spajk-green
Настольная лампа Рэй Black,3460,/rostov-na-donu/product/nastolnaya-lampa-rej-black
Торшер Рэй White,5870,/rostov-na-donu/product/torsher-rej-white
Торшер Мун Black,7340,/rostov-na-donu/product/torsher-mun-black
Торшер Варио Black,6290,/rostov-na-donu/product/torsher-vario-black
Настольная лампа Раффи Round,6920,/rostov-na-donu/product/nastolnaya-lampa-raffi-round
Торшер Гросс White,6290,/rostov-na-donu/product/torsher-gross-white
Бра Moderli Alina,3350,/rostov-na-donu/product/bra-moderli-alina
Подвесной светильник Маро Green,10 490,/rostov-na-donu/product/podvesnoj-svetilnik-maro-green
Настольная лампа Машрум Grey,4820,/rostov-na-donu/product/nastolnaya-lampa-mashrum-grey
Настольная лампа Рэй White,2720,/rostov-na-donu/product/nastolnaya-lampa-rej-white
Светильник потолочный Matthew,5240,/rostov-na-donu/product/svetilnik-potolochnyj-matthew
Настольная лампа Junior-4,3140,/rostov-na-donu/product/nastolnaya-lampa-junior-4
Спот Лайт-1 Black,2510,/rostov-na-donu/product/spot-lajt-1-black
Настольная лампа Junior-3,4070,/rostov-na-donu/product/nastolnaya-lampa-junior-3
Настольная лампа Спайк Orange,1040,/rostov-na-donu/product/nastolnaya-lampa-spajk-orange
Настольная лампа Junior-1,4190,/rostov-na-donu/product/nastolnaya-lampa-junior-1
Подвесной светильник Milligan,6610,/rostov-na-donu/product/podvesnoj-svetilnik-milligan
Настольная лампа Сфера Black,4190,/rostov-na-donu/product/nastolnaya-lampa-sfera-black
Подвесной светильник Townshend-4,13 220,/rostov-na-donu/product/podvesnoj-svetilnik-townshend-4
Люстра Монти-3 White,10 490,/rostov-na-donu/product/lyustra-monti-3-white
Настольная лампа Junior-2,3040,/rostov-na-donu/product/nastolnaya-lampa-junior-2
Настольная лампа Taeda,5240,/rostov-na-donu/product/nastolnaya-lampa-taeda
Торшер Duetto,7340,/rostov-na-donu/product/torsher-duetto
Настольная лампа Sphere,6860,/rostov-na-donu/product/nastolnaya-lampa-sphere
Подвесной светильник Layham,23 930,/rostov-na-donu/product/podvesnoj-svetilnik-layham
Бра Galdakao-1,6920,/rostov-na-donu/product/bra-galdakao
Подвесной светильник Сэнсил Silver,4820,/rostov-na-donu/product/podvesnoj-svetilnik-sensil-silver
Подвесной светильник Tureis,3560,/rostov-na-donu/product/podvesnoj-svetilnik-tureis
Бра Moderli Birds-1,9860,/rostov-na-donu/product/bra-moderli-birds-1
Подвесной светильник Даклин White,4190,/rostov-na-donu/product/podvesnoj-svetilnik-daklin-white
Люстра Монти-5 White,15 740,/rostov-na-donu/product/lyustra-monti-5-white
Настольная лампа Townshend-5,6610,/rostov-na-donu/product/nastolnaya-lampa-townshend-5
